<?xml version="1.0" encoding="UTF-8"?>
<!--
 ~  Copyright (c) 2024, WSO2 LLC. (http://www.wso2.org) All Rights Reserved.
 ~
 ~  WSO2 LLC. licenses this file to you under the Apache License,
 ~  Version 2.0 (the "License"); you may not use this file except
 ~  in compliance with the License.
 ~  You may obtain a copy of the License at
 ~
 ~    http://www.apache.org/licenses/LICENSE-2.0
 ~
 ~  Unless required by applicable law or agreed to in writing,
 ~  software distributed under the License is distributed on an
 ~  "AS IS" BASIS, WITHOUT WARRANTIES OR CONDITIONS OF ANY
 ~  KIND, either express or implied.  See the License for the
 ~  specific language governing permissions and limitations
 ~  under the License.
-->

<!-- Generated on 23-Fri, 08, 2024 16:11:19+0530 -->

<connector>
    <component name="googleAds" package="org.wso2.carbon.connector">
        <dependency component="config"/>
        <dependency component="functions"/>
        <description>WSO2 Google Ads Connector Library</description>
    </component>
    <icon>icon/icon-small.png</icon>
</connector>
