{
  "connectorName": "googleAds",
  "operationName": "createCustomerClient",
  "title": "Customers Create Customer Client",
  "help": "Creates a new client under manager. The new client customer is returned.",
  "elements": [
    {
      "type": "attributeGroup",
      "value": {
        "groupName": "General",
        "elements": [
          {
            "type": "attribute",
            "value": {
              "name": "configRef",
              "displayName": "Connection",
              "inputType": "connection",
              "allowedConnectionTypes": [
                "googleAds"
              ],
              "defaultType": "connection.googleAds",
              "defaultValue": "",
              "required": "true",
              "helpTip": "Connection to be used"
            }
          },
          {
            "type": "attributeGroup",
            "value": {
              "groupName": "Search",
              "elements": [
                {
                  "type": "attribute",
                  "value": {
                    "name": "search",
                    "displayName": "Search",
                    "inputType": "searchBox",
                    "defaultValue": "",
                    "required": "false",
                    "helpTip": "Search for an attribute using the display name"
                  }
                }
              ]
            }
          },
          {
            "type": "attributeGroup",
            "value": {
              "groupName": "Parameters",
              "elements": [
                {
                  "type": "attribute",
                  "value": {
                    "name": "customerId",
                    "displayName": "Customer Id",
                    "inputType": "stringOrExpression",
                    "defaultValue": "",
                    "required": "true",
                    "helpTip": "The ID of the Manager under whom client customer is being created."
                  }
                },
                {
                  "type": "attribute",
                  "value": {
                    "name": "customerClient",
                    "displayName": "Customer Client",
                    "inputType": "stringOrExpression",
                    "defaultValue": "",
                    "required": "true",
                    "helpTip": "The new client customer to create. The resource name on this customer will be ignored."
                  }
                },
                {
                  "type": "attribute",
                  "value": {
                    "name": "accessRole",
                    "displayName": "Access Role",
                    "inputType": "stringOrExpression",
                    "defaultValue": "",
                    "required": "false",
                    "helpTip": "The proposed role of user on the created client customer. Accessible only to customers on the allow-list."
                  }
                },
                {
                  "type": "attribute",
                  "value": {
                    "name": "validateOnly",
                    "displayName": "Validate Only",
                    "inputType": "stringOrExpression",
                    "defaultValue": "",
                    "required": "false",
                    "helpTip": "If true, the request is validated but not executed. Only errors are returned, not results."
                  }
                },
                {
                  "type": "attribute",
                  "value": {
                    "name": "emailAddress",
                    "displayName": "Email Address",
                    "inputType": "stringOrExpression",
                    "defaultValue": "",
                    "required": "false",
                    "helpTip": "Email address of the user who should be invited on the created client customer. Accessible only to customers on the allow-list."
                  }
                }
              ]
            }
          }
        ]
      }
    }
  ]
}
