{
  "connectorName": "googleAds",
  "operationName": "customersMutate",
  "title": "Customers Mutate",
  "help": "Updates a customer. Operation statuses are returned.",
  "elements": [
    {
      "type": "attributeGroup",
      "value": {
        "groupName": "General",
        "elements": [
          {
            "type": "attribute",
            "value": {
              "name": "configRef",
              "displayName": "Connection",
              "inputType": "connection",
              "allowedConnectionTypes": [
                "googleAds"
              ],
              "defaultType": "connection.googleAds",
              "defaultValue": "",
              "required": "true",
              "helpTip": "Connection to be used"
            }
          },
          {
            "type": "attributeGroup",
            "value": {
              "groupName": "Search",
              "elements": [
                {
                  "type": "attribute",
                  "value": {
                    "name": "search",
                    "displayName": "Search",
                    "inputType": "searchBox",
                    "defaultValue": "",
                    "required": "false",
                    "helpTip": "Search for an attribute using the display name"
                  }
                }
              ]
            }
          },
          {
            "type": "attributeGroup",
            "value": {
              "groupName": "Parameters",
              "elements": [
                {
                  "type": "attribute",
                  "value": {
                    "name": "customerId",
                    "displayName": "Customer Id",
                    "inputType": "stringOrExpression",
                    "defaultValue": "",
                    "required": "true",
                    "helpTip": "The ID of the customer being modified."
                  }
                },
                {
                  "type": "attribute",
                  "value": {
                    "name": "operation",
                    "displayName": "Operation",
                    "inputType": "stringOrExpression",
                    "defaultValue": "",
                    "required": "true",
                    "helpTip": "The operation to perform on the customer."
                  }
                },
                {
                  "type": "attribute",
                  "value": {
                    "name": "validateOnly",
                    "displayName": "Validate Only",
                    "inputType": "stringOrExpression",
                    "defaultValue": "",
                    "required": "false",
                    "helpTip": "If true, the request is validated but not executed. Only errors are returned, not results."
                  }
                },
                {
                  "type": "attribute",
                  "value": {
                    "name": "responseContentType",
                    "displayName": "Response Content Type",
                    "inputType": "stringOrExpression",
                    "defaultValue": "",
                    "required": "false",
                    "helpTip": "The response content type setting. Determines whether the mutable resource or just the resource name should be returned post mutation."
                  }
                }
              ]
            }
          }
        ]
      }
    }
  ]
}
