{
  "connectorName": "googleAds",
  "operationName": "customAudiencesMutate",
  "title": "Customers Custom Audiences Mutate",
  "help": "Creates or updates custom audiences. Operation statuses are returned.",
  "elements": [
    {
      "type": "attributeGroup",
      "value": {
        "groupName": "General",
        "elements": [
          {
            "type": "attribute",
            "value": {
              "name": "configRef",
              "displayName": "Connection",
              "inputType": "connection",
              "allowedConnectionTypes": [
                "googleAds"
              ],
              "defaultType": "connection.googleAds",
              "defaultValue": "",
              "required": "true",
              "helpTip": "Connection to be used"
            }
          },
          {
            "type": "attributeGroup",
            "value": {
              "groupName": "Search",
              "elements": [
                {
                  "type": "attribute",
                  "value": {
                    "name": "search",
                    "displayName": "Search",
                    "inputType": "searchBox",
                    "defaultValue": "",
                    "required": "false",
                    "helpTip": "Search for an attribute using the display name"
                  }
                }
              ]
            }
          },
          {
            "type": "attributeGroup",
            "value": {
              "groupName": "Parameters",
              "elements": [
                {
                  "type": "attribute",
                  "value": {
                    "name": "customerId",
                    "displayName": "Customer Id",
                    "inputType": "stringOrExpression",
                    "defaultValue": "",
                    "required": "true",
                    "helpTip": "The ID of the customer whose custom audiences are being modified."
                  }
                },
                {
                  "type": "attribute",
                  "value": {
                    "name": "operations",
                    "displayName": "Operations",
                    "inputType": "stringOrExpression",
                    "defaultValue": "",
                    "required": "true",
                    "helpTip": "The list of operations to perform on individual custom audiences."
                  }
                },
                {
                  "type": "attribute",
                  "value": {
                    "name": "validateOnly",
                    "displayName": "Validate Only",
                    "inputType": "stringOrExpression",
                    "defaultValue": "",
                    "required": "false",
                    "helpTip": "If true, the request is validated but not executed. Only errors are returned, not results."
                  }
                }
              ]
            }
          }
        ]
      }
    }
  ]
}
