{
  "connectorName": "googleAds",
  "operationName": "uploadUserData",
  "title": "Customers Upload User Data",
  "help": "Uploads the given user data..",
  "elements": [
    {
      "type": "attributeGroup",
      "value": {
        "groupName": "General",
        "elements": [
          {
            "type": "attribute",
            "value": {
              "name": "configRef",
              "displayName": "Connection",
              "inputType": "connection",
              "allowedConnectionTypes": [
                "googleAds"
              ],
              "defaultType": "connection.googleAds",
              "defaultValue": "",
              "required": "true",
              "helpTip": "Connection to be used"
            }
          },
          {
            "type": "attributeGroup",
            "value": {
              "groupName": "Parameters",
              "elements": [
                {
                  "type": "attribute",
                  "value": {
                    "name": "customerId",
                    "displayName": "Customer Id",
                    "inputType": "stringOrExpression",
                    "defaultValue": "",
                    "required": "true",
                    "helpTip": "Required. The ID of the customer for which to update the user data."
                  }
                },
                {
                  "type": "attribute",
                  "value": {
                    "name": "userListId",
                    "displayName": "User List Id",
                    "inputType": "stringOrExpression",
                    "defaultValue": "",
                    "required": "true",
                    "helpTip": "Required. The list id of the user list to add or remove users from."
                  }
                },
                {
                  "type": "attribute",
                  "value": {
                    "name": "dataSourceType",
                    "displayName": "Data Source Type",
                    "inputType": "comboOrExpression",
                    "comboValues": ["From a JSON array", "From a Google Ads API request"],
                    "defaultValue": "From a JSON array",
                    "required": "true",
                    "helpTip": "The type of data source."
                  }
                },
                {
                  "type": "attribute",
                  "value": {
                    "name": "operations",
                    "displayName": "User List and Operations",
                    "inputType": "stringOrExpression",
                    "defaultValue": "",
                    "required": "true",
                    "enableCondition": [{"dataSourceType":"From a Google Ads API request"}],
                    "helpTip": "Import the user data and operations to be performed as a JSON object."
                  }
                },
                {
                  "type": "attribute",
                  "value": {
                    "name": "jsonArrayContent",
                    "displayName": "User List JSON Array Content",
                    "inputType": "stringOrExpression",
                    "defaultValue": "",
                    "required": "true",
                    "enableCondition": [{"dataSourceType":"From a JSON array"}],
                    "helpTip": "User data to be uploaded."
                  }
                },
                {
                  "type": "attribute",
                  "value": {
                    "name": "operationType",
                    "displayName": "Operation Type",
                    "inputType": "comboOrExpression",
                    "comboValues": ["create", "remove"],
                    "required": "true",
                    "defaultValue": "create",
                    "enableCondition": [{"dataSourceType":"From a JSON array"}],
                    "helpTip": "The operation to be performed on the user list."
                  }
                },
                {
                  "type": "attribute",
                  "value": {
                    "name": "userIdentifierSource",
                    "displayName": "User Identifier Source",
                    "inputType": "comboOrExpression",
                    "comboValues": ["UNSPECIFIED", "UNKNOWN", "FIRST_PARTY", "THIRD_PARTY"],
                    "required": "true",
                    "defaultValue": "UNSPECIFIED",
                    "helpTip": "The source of the user identifiers.",
                    "enableCondition": [{"dataSourceType":"From a JSON array"}]
                  }
                },
                {
                  "type": "attribute",
                  "value": {
                    "name": "transactionAttributes",
                    "displayName": "Transaction Attributes",
                    "inputType": "stringOrExpression",
                    "defaultValue": "",
                    "required": "false",
                    "helpTip": "The transaction attributes for the user data to be uploaded.",
                    "enableCondition": [{"dataSourceType":"From a JSON array"}]
                  }
                },
                {
                  "type": "attribute",
                  "value": {
                    "name": "userAttributes",
                    "displayName": "User Attributes",
                    "inputType": "stringOrExpression",
                    "defaultValue": "",
                    "required": "false",
                    "helpTip": "The user attributes for the user data to be uploaded.",
                    "enableCondition": [{"dataSourceType":"From a JSON array"}]
                  }
                },
                {
                  "type": "attribute",
                  "value": {
                    "name": "consent",
                    "displayName": "Consent",
                    "inputType": "stringOrExpression",
                    "defaultValue": "",
                    "required": "false",
                    "helpTip": "The consent for the user data to be uploaded.",
                    "enableCondition": [{"dataSourceType":"From a JSON array"}]
                  }
                }
              ]
            }
          }
        ]
      }
    }
  ]
}
