{
  "connectorName": "googleAds",
  "operationName": "userListsMutate",
  "title": "Customers User Lists Mutate",
  "help": "Creates or updates user lists. Operation statuses are returned.",
  "elements": [
    {
      "type": "attributeGroup",
      "value": {
        "groupName": "General",
        "elements": [
          {
            "type": "attribute",
            "value": {
              "name": "configRef",
              "displayName": "Connection",
              "inputType": "connection",
              "allowedConnectionTypes": [
                "googleAds"
              ],
              "defaultType": "connection.googleAds",
              "defaultValue": "",
              "required": "true",
              "helpTip": "Connection to be used"
            }
          },
          {
            "type": "attributeGroup",
            "value": {
              "groupName": "Parameters",
              "elements": [
                {
                  "type": "attribute",
                  "value": {
                    "name": "customerId",
                    "displayName": "Customer Id",
                    "inputType": "stringOrExpression",
                    "defaultValue": "",
                    "required": "true",
                    "helpTip": "Required. The ID of the customer whose user lists are being modified."
                  }
                },
                {
                  "type": "attribute",
                  "value": {
                    "name": "operations",
                    "displayName": "Operations",
                    "inputType": "stringOrExpression",
                    "defaultValue": "",
                    "required": "true",
                    "helpTip": "Required. The list of operations to perform on individual user lists. Type: object (UserListOperation)"
                  }
                },
                {
                  "type": "attribute",
                  "value": {
                    "name": "partialFailure",
                    "displayName": "Partial Failure",
                    "inputType": "stringOrExpression",
                    "defaultValue": "",
                    "required": "false",
                    "helpTip": "If true, successful operations will be carried out and invalid operations will return errors. If false, all operations will be carried out in one transaction if and only if they are all valid. Default is false."
                  }
                },
                {
                  "type": "attribute",
                  "value": {
                    "name": "validateOnly",
                    "displayName": "Validate Only",
                    "inputType": "stringOrExpression",
                    "defaultValue": "",
                    "required": "false",
                    "helpTip": "If true, the request is validated but not executed. Only errors are returned, not results."
                  }
                }
              ]
            }
          }
        ]
      }
    }
  ]
}
