<?xml version="1.0" encoding="UTF-8"?>
<!--
 ~  Copyright (c) 2024, WSO2 LLC. (http://www.wso2.org) All Rights Reserved.
 ~
 ~  WSO2 LLC. licenses this file to you under the Apache License,
 ~  Version 2.0 (the "License"); you may not use this file except
 ~  in compliance with the License.
 ~  You may obtain a copy of the License at
 ~
 ~    http://www.apache.org/licenses/LICENSE-2.0
 ~
 ~  Unless required by applicable law or agreed to in writing,
 ~  software distributed under the License is distributed on an
 ~  "AS IS" BASIS, WITHOUT WARRANTIES OR CONDITIONS OF ANY
 ~  KIND, either express or implied.  See the License for the
 ~  specific language governing permissions and limitations
 ~  under the License.
-->

<!-- Generated on 23-Fri, 08, 2024 16:11:19+0530 -->

<template xmlns="http://ws.apache.org/ns/synapse" name="adGroupAdsMutate">
    <!-- Path Parameter List -->
    <parameter name="customerId" description="Required. The ID of the customer whose ads are being modified."/>
    <!-- Request Body Parameter List -->
    <parameter name="operations"
               description="Required. The list of operations to perform on individual ads."/>
    <parameter name="partialFailure"
               description="If true, successful operations will be carried out and invalid operations will return errors. If false, all operations will be carried out in one transaction if and only if they are all valid. Default is false."/>
    <parameter name="validateOnly"
               description="If true, the request is validated but not executed. Only errors are returned, not results."/>
    <parameter name="responseContentType"
               description="The response content type setting. Determines whether the mutable resource or just the resource name should be returned post mutation."/>
    <sequence>
        <class name="org.wso2.carbon.google.ads.connector.RestURLBuilder">
            <property name="operationPath" value="/v17/customers/{customerId}/adGroupAds:mutate"/>
            <property name="pathParameters" value="customerId,"/>
        </class>
        <payloadFactory media-type="json" template-type="freemarker">
            <format>
                <![CDATA[{
                                                                                        <#if (args.arg1)?has_content>
                                    "operations": ${args.arg1},                                </#if>
                                                                                            <#if (args.arg2)?has_content>
                                    "partialFailure": "${args.arg2}",                                </#if>
                                                                                            <#if (args.arg3)?has_content>
                                    "validateOnly": "${args.arg3}",                                </#if>
                                                                                            <#if (args.arg4)?has_content>
                                    "responseContentType": "${args.arg4}"                                </#if>
                                                                                        }]]>
            </format>
            <args>
                <arg evaluator="xml" expression="$func:operations"/>
                <arg evaluator="xml" expression="$func:partialFailure"/>
                <arg evaluator="xml" expression="$func:validateOnly"/>
                <arg evaluator="xml" expression="$func:responseContentType"/>
            </args>
        </payloadFactory>
        <property name="DISABLE_CHUNKING" scope="axis2" type="STRING" value="true"/>
        <property name="messageType" value="application/json" scope="axis2"/>
        <property name="ContentType" value="application/json" scope="axis2"/>
        <header name="Accept" value="application/json" scope="transport" action="set"/>
        <call>
            <endpoint>
                <http method="POST" uri-template="{uri.var.base}{+uri.var.urlPath}{+uri.var.urlQuery}"/>
            </endpoint>
        </call>
        <!-- Remove custom header information -->
        <header name="request-id" scope="transport" action="remove"/>
        <header name="x-xss-protection" scope="transport" action="remove"/>
        <header name="vary" scope="transport" action="remove"/>
        <header name="alt-svc" scope="transport" action="remove"/>
        <header name="server" scope="transport" action="remove"/>
        <header name="access-control-allow-origin" scope="transport" action="remove"/>
        <header name="access-control-allow-methods" scope="transport" action="remove"/>
        <header name="x-content-type-options" scope="transport" action="remove"/>
        <header name="access-control-allow-headers" scope="transport" action="remove"/>
        <header name="x-frame-options" scope="transport" action="remove"/>
        <header name="cache-control" scope="transport" action="remove"/>
    </sequence>
</template>
